{
    "accuracy": [
        0.7974820137023926,
        0.8664343357086182,
        0.8794935345649719,
        0.8868340849876404,
        0.8901771306991577,
        0.8950565457344055,
        0.898840606212616,
        0.9016430974006653,
        0.9025250673294067,
        0.9074756503105164
    ],
    "val_accuracy": [
        0.9208968877792358,
        0.9244821071624756,
        0.9334737062454224,
        0.9366605877876282,
        0.9368882179260254,
        0.9396198391914368,
        0.9397905468940735,
        0.9414409399032593,
        0.9379125833511353,
        0.9447985291481018
    ],
    "loss": [
        0.653807520866394,
        0.41067853569984436,
        0.3725334405899048,
        0.35207611322402954,
        0.34070444107055664,
        0.32256343960762024,
        0.3189149498939514,
        0.3110632598400116,
        0.3068665564060211,
        0.2975723147392273
    ],
    "val_loss": [
        0.24419312179088593,
        0.22891031205654144,
        0.19876962900161743,
        0.19315342605113983,
        0.18805953860282898,
        0.1868908405303955,
        0.1809232085943222,
        0.17940358817577362,
        0.1996883749961853,
        0.17304717004299164
    ]
}