{
    "accuracy": [
        0.027427271008491516,
        0.02765488252043724,
        0.028209688141942024,
        0.02815278433263302,
        0.028038978576660156,
        0.02813855931162834,
        0.028565332293510437,
        0.028195461258292198,
        0.0274983998388052,
        0.0286791380494833
    ],
    "val_accuracy": [
        0.028283633291721344,
        0.02868199348449707,
        0.02868199348449707,
        0.028625085949897766,
        0.02868199348449707,
        0.02868199348449707,
        0.02868199348449707,
        0.02868199348449707,
        0.02868199348449707,
        0.02868199348449707
    ],
    "loss": [
        3.6391732692718506,
        3.6364333629608154,
        3.6364245414733887,
        3.636136293411255,
        3.6361143589019775,
        3.63602876663208,
        3.63602352142334,
        3.636026382446289,
        3.636019468307495,
        3.6360063552856445
    ],
    "val_loss": [
        3.6360957622528076,
        3.636045217514038,
        3.6360578536987305,
        3.636017322540283,
        3.6359987258911133,
        3.6360023021698,
        3.6359939575195312,
        3.6359949111938477,
        3.6359972953796387,
        3.635986089706421
    ],
    "training_time_seconds": 3576.133981704712,
    "final_train_accuracy": 0.0286791380494833,
    "final_val_accuracy": 0.02868199348449707
}