{
    "accuracy": [
        0.7152429223060608,
        0.7885340452194214,
        0.802788257598877,
        0.8136425018310547,
        0.818038284778595,
        0.824340283870697,
        0.8274415135383606,
        0.8596770763397217,
        0.8707162737846375,
        0.8719254732131958
    ],
    "val_accuracy": [
        0.8284202218055725,
        0.8486227989196777,
        0.8516389727592468,
        0.8578989505767822,
        0.8678579330444336,
        0.8587525486946106,
        0.8650694489479065,
        0.8784430027008057,
        0.8847598433494568,
        0.8839061856269836
    ],
    "loss": [
        0.9224463701248169,
        0.66400545835495,
        0.6135047674179077,
        0.584613561630249,
        0.5708626508712769,
        0.5541206002235413,
        0.5443817377090454,
        0.43324777483940125,
        0.3990289270877838,
        0.3956279754638672
    ],
    "val_loss": [
        0.5326278209686279,
        0.4476377069950104,
        0.44739341735839844,
        0.4411773085594177,
        0.41424843668937683,
        0.4439488649368286,
        0.4321950674057007,
        0.38210082054138184,
        0.36599600315093994,
        0.36207687854766846
    ],
    "training_time_seconds": 6711.948236465454,
    "final_train_accuracy": 0.8719254732131958,
    "final_val_accuracy": 0.8839061856269836
}