{
    "accuracy": [
        0.12212817370891571,
        0.19731132686138153,
        0.22710007429122925,
        0.24343125522136688,
        0.25805532932281494,
        0.26488369703292847,
        0.27394551038742065,
        0.2762358486652374,
        0.284173846244812,
        0.28672024607658386
    ],
    "val_accuracy": [
        0.22365126013755798,
        0.2834054231643677,
        0.2833485007286072,
        0.31965628266334534,
        0.3280218541622162,
        0.3263714909553528,
        0.3452651798725128,
        0.3264853060245514,
        0.35488277673721313,
        0.34867972135543823
    ],
    "loss": [
        3.1762659549713135,
        2.8284080028533936,
        2.701272964477539,
        2.6304874420166016,
        2.5769498348236084,
        2.545567512512207,
        2.5120956897735596,
        2.4971375465393066,
        2.4747586250305176,
        2.4564878940582275
    ],
    "val_loss": [
        2.770092010498047,
        2.4958276748657227,
        2.4926466941833496,
        2.3220255374908447,
        2.3368380069732666,
        2.298682689666748,
        2.2075672149658203,
        2.277031898498535,
        2.195301055908203,
        2.2290186882019043
    ],
    "training_time_seconds": 7228.603495359421,
    "final_train_accuracy": 0.28672024607658386,
    "final_val_accuracy": 0.34867972135543823
}